1.1.01.00001,future_est,sphere,0.0,5,0.0,3.992
2.1.01.00001,best_est,sphere,0.0,5,0.0,3.992
1.1.02.00001,future_est,sphere,0.1,5,0.0,3.992
2.1.02.00001,best_est,sphere,0.1,5,0.0,3.992
1.1.03.00001,future_est,sphere,0.2,5,0.0,3.992
2.1.03.00001,best_est,sphere,0.2,5,0.0,3.992
1.1.04.00001,future_est,sphere,0.3,5,0.0,3.992
2.1.04.00001,best_est,sphere,0.3,5,0.0,3.992
1.1.05.00001,future_est,sphere,0.4,5,0.0,3.992
2.1.05.00001,best_est,sphere,0.4,5,0.0,3.992
1.1.06.00001,future_est,sphere,0.5,5,0.0,3.992
2.1.06.00001,best_est,sphere,0.5,5,0.0,3.992
1.1.07.00001,future_est,sphere,0.6,5,0.0,3.992
2.1.07.00001,best_est,sphere,0.6,5,0.0,3.992
1.1.08.00001,future_est,sphere,0.7,5,0.0,3.992
2.1.08.00001,best_est,sphere,0.7,5,0.0,3.992
1.1.09.00001,future_est,sphere,0.8,5,0.0,3.992
2.1.09.00001,best_est,sphere,0.8,5,0.0,3.992
1.1.10.00001,future_est,sphere,0.9,5,8.1237882095791322e-28,3.992
2.1.10.00001,best_est,sphere,0.9,5,0.0,3.992
1.1.11.00001,future_est,sphere,1.0,1,1.7379591818150416e-27,3.992
2.1.11.00001,best_est,sphere,1.0,1,1.558887756329872e-27,3.992
1.2.01.00001,future_est,ackley,0.0,14,2.006928244924211e-06,3.992
2.2.01.00001,best_est,ackley,0.0,17,1.6587675375490107e-06,3.992
1.2.02.00001,future_est,ackley,0.1,17,1.6468343240205741e-06,3.992
2.2.02.00001,best_est,ackley,0.1,15,1.8820929597040958e-06,3.992
1.2.03.00001,future_est,ackley,0.2,15,1.8746971086613939e-06,3.992
2.2.03.00001,best_est,ackley,0.2,15,1.9201923997513859e-06,3.992
1.2.04.00001,future_est,ackley,0.3,14,1.9850601162829662e-06,3.992
2.2.04.00001,best_est,ackley,0.3,13,2.3826828154938084e-06,3.992
1.2.05.00001,future_est,ackley,0.4,14,1.9204053458565795e-06,3.992
2.2.05.00001,best_est,ackley,0.4,16,1.8216943828974763e-06,3.992
1.2.06.00001,future_est,ackley,0.5,14,2.5300025185970298e-06,3.992
2.2.06.00001,best_est,ackley,0.5,14,2.0740663693175065e-06,3.992
1.2.07.00001,future_est,ackley,0.6,18,1.3450904674527919e-06,3.992
2.2.07.00001,best_est,ackley,0.6,14,2.639519433245141e-06,3.992
1.2.08.00001,future_est,ackley,0.7,19,1.2741925097259355e-06,3.992
2.2.08.00001,best_est,ackley,0.7,14,2.0652754919581184e-06,3.992
1.2.09.00001,future_est,ackley,0.8,17,1.6706452719006393e-06,3.992
2.2.09.00001,best_est,ackley,0.8,17,1.7089225181621259e-06,3.992
1.2.10.00001,future_est,ackley,0.9,14,108.3853910781927,3.992
2.2.10.00001,best_est,ackley,0.9,15,1.6787371244220139e-06,3.992
1.2.11.00001,future_est,ackley,1.0,15,1.9502479027266872e-06,3.992
2.2.11.00001,best_est,ackley,1.0,15,2.1940111345486457e-06,3.992
1.3.01.00001,future_est,rosenbrock,0.0,5,15837.288675851207,3.992
2.3.01.00001,best_est,rosenbrock,0.0,5,15837.288675851198,3.992
1.3.02.00001,future_est,rosenbrock,0.1,5,15837.288675851207,3.992
2.3.02.00001,best_est,rosenbrock,0.1,5,15837.288675851212,3.992
1.3.03.00001,future_est,rosenbrock,0.2,5,15837.288675851203,3.992
2.3.03.00001,best_est,rosenbrock,0.2,5,15837.288675851203,3.992
1.3.04.00001,future_est,rosenbrock,0.3,5,15837.288675851216,3.992
2.3.04.00001,best_est,rosenbrock,0.3,5,15837.288675851209,3.992
1.3.05.00001,future_est,rosenbrock,0.4,5,15837.288675851203,3.992
2.3.05.00001,best_est,rosenbrock,0.4,5,15837.28867585121,3.992
1.3.06.00001,future_est,rosenbrock,0.5,5,15837.288675851183,3.992
2.3.06.00001,best_est,rosenbrock,0.5,5,15837.28867585121,3.992
1.3.07.00001,future_est,rosenbrock,0.6,5,15837.288675851216,3.992
2.3.07.00001,best_est,rosenbrock,0.6,5,15837.288675851209,3.992
1.3.08.00001,future_est,rosenbrock,0.7,5,15837.288675851189,3.992
2.3.08.00001,best_est,rosenbrock,0.7,5,15837.288675851192,3.992
1.3.09.00001,future_est,rosenbrock,0.8,5,15837.288675851198,3.992
2.3.09.00001,best_est,rosenbrock,0.8,5,15837.288675851187,3.992
1.3.10.00001,future_est,rosenbrock,0.9,5,15837.288675851203,3.992
2.3.10.00001,best_est,rosenbrock,0.9,5,15837.288675851203,3.992
1.3.11.00001,future_est,rosenbrock,1.0,5,15837.288675851209,3.992
2.3.11.00001,best_est,rosenbrock,1.0,4,15837.288675851185,3.992
1.4.01.00001,future_est,styblinski-tang,0.0,5,0.0014788857645555709,3.992
2.4.01.00001,best_est,styblinski-tang,0.0,5,0.0014788857696999003,3.992
1.4.02.00001,future_est,styblinski-tang,0.1,5,0.001478885774616856,3.992
2.4.02.00001,best_est,styblinski-tang,0.1,5,0.0014788857874918904,3.992
1.4.03.00001,future_est,styblinski-tang,0.2,5,0.0014788857622818341,3.992
2.4.03.00001,best_est,styblinski-tang,0.2,5,0.0014788857607896944,3.992
1.4.04.00001,future_est,styblinski-tang,0.3,5,0.0014788857553753587,3.992
2.4.04.00001,best_est,styblinski-tang,0.3,5,0.0014788857563559077,3.992
1.4.05.00001,future_est,styblinski-tang,0.4,5,0.0014788857657492827,3.992
2.4.05.00001,best_est,styblinski-tang,0.4,5,0.0014788857659766563,3.992
1.4.06.00001,future_est,styblinski-tang,0.5,5,0.0014788857630492203,3.992
2.4.06.00001,best_est,styblinski-tang,0.5,5,0.0014788857678667,3.992
1.4.07.00001,future_est,styblinski-tang,0.6,5,0.0014788857788374798,3.992
2.4.07.00001,best_est,styblinski-tang,0.6,5,0.001478885754266912,3.992
1.4.08.00001,future_est,styblinski-tang,0.7,5,0.0014788857515668496,3.992
2.4.08.00001,best_est,styblinski-tang,0.7,5,0.0014788857746026451,3.992
1.4.09.00001,future_est,styblinski-tang,0.8,5,0.0014788857631202745,3.992
2.4.09.00001,best_est,styblinski-tang,0.8,5,0.0014788857640866127,3.992
1.4.10.00001,future_est,styblinski-tang,0.9,5,0.001478885764740312,3.992
2.4.10.00001,best_est,styblinski-tang,0.9,5,0.0014788857636318653,3.992
1.4.11.00001,future_est,styblinski-tang,1.0,1,0.0014788857656924392,3.992
2.4.11.00001,best_est,styblinski-tang,1.0,1,0.0014788857578338366,3.992
