230.67132681607606,102.60565602635729,0.0,0.0,0.0,0.0
264.91826063394393,83.866608128915956,0.0,0.0,0.0,0.0
130.74966154497994,52.456784964853135,0.0,0.0,0.0,0.0
316.49593531337348,132.04062396875418,9.8607613152626476e-31,0.0,0.0,0.0
431.64954201453241,150.6787218930875,8.8746851837363828e-31,0.0,0.0,0.0
131.95311354649547,29.889917584703369,9.8607613152626476e-31,0.0,0.0,0.0
506.92812306848555,204.82714957471461,8.8746851837363828e-31,0.0,0.0,0.0
206.59322052530388,80.597610448913045,9.8607613152626476e-31,0.0,0.0,0.0
105.00325737597063,36.072856635356558,0.0,0.0,0.0,0.0
238.04983810980895,124.6779271992489,1.7749370367472766e-30,0.0,0.0,0.0
144.13064592617803,72.879185261272553,8.8746851837363828e-31,0.0,0.0,0.0
58.17348465217546,9.6977192086243971,8.8746851837363828e-31,0.0,0.0,0.0
264.58021554776536,62.98200397355437,9.8607613152626476e-32,0.0,0.0,0.0
25.530810549423784,7.5434824061759254e-30,8.8746851837363828e-31,0.0,0.0
14.800206994447365,1.0698926027059973e-29,2.6624055551209148e-30,0.0,0.0
174.61136862277684,35.715293344045698,1.873544649899903e-30,0.0,0.0,0.0
17.003179511820449,4.8810768510550105e-30,8.8746851837363828e-31,0.0,0.0
8.923988990312696e-30,7.5434824061759254e-30
5.3242491227773465,6.6560138878022871e-30,8.8746851837363828e-31,0.0,0.0
0.7996233771417971,7.0997481469891062e-30
8.9732927968890093e-30,4.4373425918681914e-30
8.4309509245495637e-30,8.8746851837363828e-31
90.369515222114956,58.835920643502646,22.235478147676279,5.4207881306527641,3.3007347218088379,7.3427238511669657e-08,7.0559114995205618e-08,4.8488353776576787e-08,3.8715275429979101e-08
119.53880010206537,102.00802317963807,86.938818935984429,82.260529743901913,32.559243543412528,23.05539744341678,3.4394844892584304,1.200349588614813e-07,5.0251665051348482e-08,3.8614811792569981e-08,3.4970949691626174e-08
120.5761934738256,102.95819380307324,91.433390701771913,50.484924447451846,25.58827799395592,17.845046255083965,3.30699573928952,1.1369961416818342e-07,6.3225177093784168e-08,5.0573892629302009e-08,4.9211778652136218e-08
99.157784628159206,69.39496751913903,45.174146119733528,19.66866140011971,2.9251692163571557,1.3240485419174775e-07,6.2940146428047683e-08,4.6764655259323717e-08,2.8604962842848636e-08
91.452224149707888,65.816656692557927,40.957358458898305,8.6721731498968282,1.2445241370784288e-07,9.4362403224579339e-08,7.9291479160303879e-08,7.3662719479727912e-08
74.093035811076874,41.709060520336521,19.927074303684627,16.128473211482927,3.0408152377669859,2.6008049935910549e-08,2.5594325769873194e-08,2.4979795121282677e-08,2.4062008385783429e-08
48.409330139384458,28.364324717891975,16.761449224438252,4.5566057327306453e-07,6.7647982326946021e-08,4.9300415305708611e-08,3.6540094505710385e-08
88.826505734456788,74.832939013017892,36.209903799466339,7.5248760120139853,2.8072297997283613e-07,5.8150278370305841e-08,4.5883823851511352e-08,2.4551369826042446e-08
71.767445433367087,42.449278906790241,19.336369119990433,5.3933538107244967,6.5621340361587954e-08,4.8681632058844571e-08,3.2670365079923158e-08,3.059456066267785e-08
66.847359612150228,38.881334583737186,20.02739212801454,8.673215798915864,1.3366008477788682e-07,6.8398880337383616e-08,3.7721016532543672e-08,2.3793714554187773e-08
66.965435840463428,47.20502682961623,36.701495484551778,32.585215421502781,8.3218135350581282,1.2180860142763095e-07,4.3059903198638949e-08,3.4080959387949861e-08,2.9605030427148904e-08
69.722483052429595,56.319650726698583,44.662714331021895,43.923793593927151,20.579964359937609,3.2932810085711788,3.7795306173649124e-07,6.5957707739983107e-08,6.3221375690147852e-08,3.4749263910782702e-08
57.612715295246062,43.121046776871864,21.877274794683981,14.897530787542658,10.611587312099809,5.2792581034192274,3.1592046924960835,6.4629220197787163e-08,3.1104577580265413e-08,2.1804486216581154e-08,1.9469813317130047e-08
53.97208631840887,35.577925690531835,24.788542348217383,18.795617754857897,16.335631280398889,15.37285648363798,3.2518347806913477,8.6966008616684576e-08,4.5059896258692334e-08,4.5059896258692334e-08,3.7355747828371477e-08
69.278949867414809,42.186138206837114,25.593362901043605,24.752603932273093,10.893114109080463,4.7067182595839085e-07,3.8050619544094388e-08,3.5980481705166767e-08,3.511206347894813e-08
46.019909210141066,22.278722043025482,5.1594669757269482,1.0936985805898303e-07,6.9199612262593746e-08,4.8710551148190007e-08,3.6534456349102129e-08
47.859949511172204,30.924439383407861,14.981102989087054,12.614024024749495,12.614023380827733,1.8004886559452871e-07,8.3367834413650144e-08,8.0148415015912633e-08,7.0055041767602688e-08
46.40809041998952,38.12447756385415,26.660140422635788,20.333771968084097,8.3331846377065304,3.0638244149662492,8.553163954871934e-08,7.4375347658417468e-08,7.0665078233389522e-08,5.2149556672986819e-08
50.88328676001349,46.149085262417842,43.944678264517492,36.326392920470454,33.537773026465366,33.537021169790748,21.049032983851486,1.3344457361341711e-07,8.2635801312846979e-08,5.3210180261942241e-08,4.4075528116138685e-08
53.159927449123387,36.108973794796086,15.196564126964594,2.7443911454103125,3.8016188685929819e-07,4.0514060550833619e-08,1.8725352823878438e-08,1.8609168428440626e-08
45.400230604072249,36.673505594128784,21.365488310408832,4.8876803885204314,1.7602047908127361e-07,1.0863792443416287e-07,1.0863792443416287e-07,9.4228302494059335e-08
42.641506005575899,31.68676215409193,28.295015889303645,19.46643475775382,7.419512314137366,1.0383602688790461e-07,4.4977991997541267e-08,3.5891301486401517e-08,2.7266833235728427e-08
7147629.487547393,970854.19618358894,126.95221383447846,126.95221383447846,126.95221383447846,126.95221383447846
2952753.7489957674,1735097.9596483558,126.95221383447846,126.95221383447846,126.95221383447846,126.95221383447846
2003869.9349922021,1224916.95820892,126.95221383447846,126.95221383447846,126.95221383447846,126.95221383447846
1922867.1964371214,945521.28608692356,126.95221383447846,126.95221383447846,126.95221383447846,126.95221383447846
796540.56347243278,264983.16620135703,126.95221383447844,126.95221383447844,126.95221383447844,126.95221383447844
2015224.0209733918,851274.62687408808,126.95221383447846,126.95221383447846,126.95221383447846,126.95221383447846
1948932.5115159515,915529.22543205263,126.95221383447846,126.95221383447846,126.95221383447846,126.95221383447846
1256990.2879777087,126.95221383447846,126.95221383447846,126.95221383447846,126.95221383447846
1063140.4384633696,520431.04617473041,126.95221383447846,126.95221383447846,126.95221383447846,126.95221383447846
557985.92421897512,169754.46639045686,126.95221383447846,126.95221383447846,126.95221383447846,126.95221383447846
25567.523041040491,1819.6673230128617,126.95221383447846,126.95221383447846,126.95221383447846,126.95221383447846
577338.23928207264,14963.838998649037,126.95221383447844,126.95221383447844,126.95221383447844,126.95221383447844
298667.98312420555,113837.42116059337,126.95221383447846,126.95221383447846,126.95221383447846,126.95221383447846
7750464.5478866585,2293683.4320181897,126.95221383447844,126.95221383447844,126.95221383447844,126.95221383447844
370950.03101258876,89899.017679492332,126.95221383447844,126.95221383447844,126.95221383447844,126.95221383447844
1273999.9659460103,489125.94823253265,126.95221383447844,126.95221383447844,126.95221383447844,126.95221383447844
70549.247055913569,229.60116733110914,126.95221383447846,126.95221383447846,126.95221383447846,126.95221383447846
421553.45059564419,126.95221383447844,126.95221383447844,126.95221383447844,126.95221383447844
970404.99033651827,126.95221383447844,126.95221383447844,126.95221383447844,126.95221383447844
123.61699769229735,126.95221383447844,126.95221383447844,126.95221383447844,126.95221383447844
126.95221383447846,126.95221383447846
126.95221383447846,126.95221383447846
1738.7528476820362,591.25449700726244,1.2442548381841334e-05,1.2442548410263043e-05,1.2442548410263043e-05,1.2442548410263043e-05
691.3867658140166,293.57336287350608,1.2442548381841334e-05,1.2442548381841334e-05,1.2442548381841334e-05,1.2442548381841334e-05
1735.0487106103142,803.96257865646339,1.2442548381841334e-05,1.2442548381841334e-05,1.2442548381841334e-05,1.2442548381841334e-05
781.42270023996673,245.02583916714056,1.2442548495528172e-05,1.2442548467106462e-05,1.2442548495528172e-05,1.2442548467106462e-05
750.31951725844306,347.84854414144809,1.2442548367630479e-05,1.2442548452895608e-05,1.2442548424473898e-05,1.2442548452895608e-05
1030.9942578348544,405.44061014346471,1.2442548381841334e-05,1.2442548381841334e-05,1.2442548381841334e-05,1.2442548381841334e-05
991.97431899832964,271.4843143081572,1.2442548353419625e-05,1.2442548353419625e-05,1.2442548353419625e-05,1.2442548353419625e-05
551.67721677116094,147.08364394282017,1.2442548438684753e-05,1.2442548467106462e-05,1.2442548438684753e-05,1.2442548467106462e-05
637.1439495537918,172.86740029544745,1.2442548353419625e-05,1.2442548381841334e-05,1.2442548381841334e-05,1.2442548381841334e-05
1012.2194398027094,179.43327396073843,1.2442548495528172e-05,1.2442548438684753e-05,1.2442548438684753e-05,1.2442548438684753e-05
1065.7453124250312,180.55477106045041,1.2442548353419625e-05,1.2442548353419625e-05,1.2442548353419625e-05,1.2442548353419625e-05
336.90232991261553,129.01190203901913,1.2442548381841334e-05,1.2442548410263043e-05,1.2442548381841334e-05,1.2442548410263043e-05
210.02079085401562,40.049756654073462,1.2442548268154496e-05,1.2442548211311077e-05,1.2442548211311077e-05,1.2442548211311077e-05
638.06633755872542,282.42210478269521,1.2442548495528172e-05,1.2442548467106462e-05,1.2442548495528172e-05,1.2442548467106462e-05
220.76816439505203,97.782393936592911,1.2442548353419625e-05,1.2442548353419625e-05,1.2442548353419625e-05,1.2442548353419625e-05
34.181241780455011,1.244254833920877e-05,1.244254833920877e-05,1.244254833920877e-05,1.244254833920877e-05
152.70082791777762,1.2442548438684753e-05,1.2442548381841334e-05,1.2442548381841334e-05,1.2442548381841334e-05
1.2442548353419625e-05,1.2442548296576206e-05
37.399143575779348,1.2442548353419625e-05,1.2442548353419625e-05,1.2442548353419625e-05,1.2442548353419625e-05
239.67378841662614,21.858953622744195,1.2442548353419625e-05,1.2442548353419625e-05,1.2442548353419625e-05,1.2442548353419625e-05
1.2442548324997915e-05,1.2442548324997915e-05
1.2442548324997915e-05,1.2442548296576206e-05
