"[[0.0, 0.0], [0.0, 0.0], [0.0, 0.0], [0.0, 0.0], [0.0, 0.0], [0.0, 0.0], [0.0, 0.0], [0.0, 0.0], [0.0, 0.0], [0.0, 0.0]]","[6, 3, 4, 4, 3, 4, 2, 2, 2, 2]"
"[[0.0, 0.0], [0.0, 0.0], [0.0, 0.0], [0.0, 0.0], [0.0, 0.0], [0.0, 0.0], [0.0, 0.0], [0.0, 0.0], [0.0, 0.0], [0.0, 0.0]]","[5, 3, 8, 3, 2, 2, 3, 2, 2, 2]"
"[[0.0, 0.0], [0.0, 0.0], [0.0, 0.0], [0.0, 0.0], [0.0, 0.0], [0.0, 0.0], [0.0, 0.0], [0.0, 0.0], [0.0, 0.0], [0.0, 0.0]]","[6, 3, 3, 2, 3, 5, 4, 2, 2, 2]"
"[[0.0, 0.0], [0.0, 0.0], [0.0, 0.0], [0.0, 0.0], [0.0, 0.0], [0.0, 0.0], [0.0, 0.0], [0.0, 0.0], [0.0, 0.0], [0.0, 0.0]]","[5, 2, 4, 5, 4, 3, 3, 2, 2, 2]"
"[[0.0, 0.0], [0.0, 0.0], [0.0, 0.0], [0.0, 0.0], [0.0, 0.0], [0.0, 0.0], [0.0, 0.0], [0.0, 0.0], [0.0, 0.0], [0.0, 0.0]]","[2, 5, 7, 3, 4, 3, 2, 2, 2, 2]"
"[[0.0, 0.0], [0.0, 0.0], [0.0, 0.0], [0.0, 0.0], [0.0, 0.0], [0.0, 0.0], [0.0, 0.0], [0.0, 0.0], [0.0, 0.0], [0.0, 0.0]]","[3, 7, 4, 2, 2, 4, 4, 2, 2, 2]"
"[[0.0, 0.0], [0.0, 0.0], [0.0, 0.0], [0.0, 0.0], [0.0, 0.0], [0.0, 0.0], [0.0, 0.0], [0.0, 0.0], [0.0, 0.0], [0.0, 0.0]]","[5, 2, 4, 6, 2, 4, 3, 2, 2, 2]"
"[[0.0, 0.0], [0.0, 0.0], [0.0, 0.0], [0.0, 0.0], [0.0, 0.0], [0.0, 0.0], [0.0, 0.0], [0.0, 0.0], [0.0, 0.0], [0.0, 0.0]]","[2, 7, 3, 4, 4, 3, 2, 2, 3, 2]"
"[[0.0, 0.0], [0.0, 0.0], [0.0, 0.0], [0.0, 0.0], [0.0, 0.0], [0.0, 0.0], [0.0, 0.0], [0.0, 0.0], [0.0, 0.0], [0.0, 0.0]]","[5, 5, 5, 3, 3, 3, 2, 2, 2, 2]"
"[[0.0, 0.0], [0.0, 0.0], [0.0, 0.0], [0.0, 0.0], [0.0, 0.0], [0.0, 0.0], [0.0, 0.0], [0.0, 0.0], [0.0, 0.0], [0.0, 0.0]]","[4, 6, 5, 4, 3, 2, 2, 2, 2, 2]"
"[[0.0, 0.0], [0.0, 0.0], [0.0, 0.0], [0.0, 0.0], [0.0, 0.0], [0.0, 0.0], [0.0, 0.0], [0.0, 0.0], [0.0, 0.0], [0.0, 0.0]]","[3, 5, 7, 5, 2, 2, 2, 2, 2, 2]"
"[[0.0, 0.0], [0.0, 0.0], [0.0, 0.0], [0.0, 0.0], [0.0, 0.0], [0.0, 0.0], [0.0, 0.0], [0.0, 0.0], [0.0, 0.0], [0.0, 0.0]]","[5, 3, 6, 4, 3, 2, 3, 2, 2, 2]"
"[[0.0, 0.0], [0.0, 0.0], [0.0, 0.0], [0.0, 0.0], [0.0, 0.0], [0.0, 0.0], [0.0, 0.0], [0.0, 0.0], [0.0, 0.0], [0.0, 0.0]]","[3, 6, 4, 6, 2, 3, 2, 2, 2, 2]"
"[[0.0, 0.0], [0.0, 0.0], [0.0, 0.0], [0.0, 0.0], [0.0, 0.0], [0.0, 0.0], [0.0, 0.0], [0.0, 0.0], [0.0, 0.0], [0.0, 0.0]]","[7, 2, 5, 4, 2, 3, 2, 3, 2, 2]"
"[[0.0, 0.0], [0.0, 0.0], [0.0, 0.0], [0.0, 0.0], [0.0, 0.0], [0.0, 0.0], [0.0, 0.0], [0.0, 0.0], [0.0, 0.0], [0.0, 0.0]]","[7, 2, 5, 5, 2, 2, 2, 2, 3, 2]"
"[[0.0, 0.0], [0.0, 0.0], [0.0, 0.0], [0.0, 0.0], [0.0, 0.0], [0.0, 0.0], [0.0, 0.0], [0.0, 0.0], [0.0, 0.0], [0.0, 0.0]]","[6, 3, 3, 4, 4, 3, 2, 3, 2, 2]"
"[[0.0, 0.0], [0.0, 0.0], [0.0, 0.0], [0.0, 0.0], [0.0, 0.0], [0.0, 0.0], [0.0, 0.0], [0.0, 0.0], [0.0, 0.0], [0.0, 0.0]]","[6, 1, 8, 3, 3, 2, 2, 2, 3, 2]"
"[[0.0, 0.0], [0.0, 0.0], [0.0, 0.0], [0.0, 0.0], [0.0, 0.0], [0.0, 0.0], [0.0, 0.0], [0.0, 0.0], [0.0, 0.0], [0.0, 0.0]]","[5, 4, 6, 4, 2, 2, 2, 2, 3, 2]"
"[[0.0, 0.0], [0.0, 0.0], [0.0, 0.0], [0.0, 0.0], [0.0, 0.0], [0.0, 0.0], [0.0, 0.0], [0.0, 0.0], [0.0, 0.0], [0.0, 0.0]]","[3, 5, 5, 4, 3, 3, 2, 3, 2, 2]"
"[[0.0, 8.8746851837363828e-31], [0.0, 4.9303806576313238e-31], [0.0, 9.3677232494995152e-31], [0.0, 4.4373425918681914e-31], [0.0, 0.0], [0.0, 0.0], [0.0, 0.0], [0.0, 0.0], [0.0, 0.0], [0.0, 0.0]]","[2, 3, 6, 5, 3, 5, 2, 2, 2, 2]"
"[[0.0, 4.4373425918681914e-31], [0.0, 4.4373425918681914e-31], [0.0, 0.0], [0.0, 0.0], [0.0, 0.0], [0.0, 0.0], [0.0, 0.0], [0.0, 0.0], [0.0, 0.0], [0.0, 0.0]]","[5, 4, 7, 2, 2, 3, 3, 2, 2, 2]"
"[[0.0, 8.8746851837363828e-31], [0.0, 4.4373425918681914e-31], [0.0, 4.4373425918681914e-31], [0.0, 0.0], [0.0, 0.0], [0.0, 0.0], [0.0, 0.0], [0.0, 0.0], [0.0, 0.0], [0.0, 0.0]]","[6, 2, 7, 4, 2, 3, 2, 2, 2, 2]"
"[[-5.0344512921607449e-10, 2.0789312493718626e-09], [-4.8891775697678724e-13, 6.8844525635824994e-09], [-3.0451357704947458e-11, 7.0873409363514384e-09], [-4.2023570811358399e-09, 9.7051828795713391e-09], [-9.0433875793597474e-10, 2.5328863451079542e-09], [-3.2306841001462698e-10, 2.3935844417621865e-09], [-9.0966658614086137e-11, 1.0359966218231875e-09], [-8.1177695772786138e-11, 2.1073778277980182e-09], [4.755316397139237e-13, 2.0884809437404783e-09], [-1.151959231224568e-09, 3.4634948242739938e-09]]","[3, 5, 5, 2, 5, 3, 3, 2, 2, 2]"
"[[-3.7922422031091201e-10, 1.8801498136156169e-09], [-8.1030410900769707e-10, 3.1686977486344858e-09], [-1.1252062894697194e-10, 2.0728241345580045e-09], [-5.6467701310808739e-10, 2.4432371681371023e-09], [-6.3906883154374723e-10, 3.2824805096254295e-09], [-1.6764998430119411e-09, 4.5464436659869989e-09], [-5.4993768032128716e-11, 1.5039387513127167e-09], [-1.3419619005948633e-10, 2.4033437462378515e-09], [-8.9170328871924039e-10, 2.7946502889619751e-09], [-1.3660947510701263e-12, 1.8892767350564554e-09]]","[3, 7, 5, 2, 5, 2, 2, 2, 2, 2]"
"[[-7.3164097885282414e-12, 2.161144596612985e-09], [-1.1833944105762893e-09, 3.6266176728361188e-09], [-8.9605638149318209e-10, 2.3751707267649635e-09], [-4.4903350923418148e-10, 2.3147070926654578e-09], [-4.7257449679812151e-10, 3.5975280532341003e-09], [-3.5931932109043645e-10, 2.2800894505792257e-09], [-9.2812781468713224e-10, 3.4732470233223012e-09], [-1.9488621696535397e-10, 2.1178014897316189e-09], [-6.0631717175245785e-10, 2.6327673374737515e-09], [-1.0123641630360977e-10, 2.0825869917473483e-09]]","[6, 3, 8, 2, 2, 3, 2, 2, 2, 2]"
"[[-3.5032742977441564e-12, 6.0689981928874204e-09], [-7.556299008408087e-11, 6.7738139541972942e-09], [-3.6156076945564267e-09, 6.4814718037098373e-09], [-2.5891925875379811e-10, 2.7519004852649687e-09], [-4.5212941356578312e-10, 1.2032690399621515e-09], [-5.680825611537723e-11, 8.3509239523493761e-09], [-1.235784880660535e-09, 2.9159008541057574e-09], [-1.0924718188036903e-09, 2.5289961236296676e-09], [-8.1975456634721919e-12, 7.5136985522306077e-09], [-1.0176018338446788e-09, 2.4250046415374982e-09]]","[6, 4, 4, 5, 2, 2, 2, 2, 3, 2]"
"[[-2.8405179922019142e-10, 1.7430008547592024e-09], [2.3430736602479069e-11, 3.1649851628401393e-09], [-6.9916965297754174e-10, 3.9579686195168051e-09], [-1.0473982678569681e-11, 1.913200708969498e-09], [-1.3802242327457099e-09, 5.1791251287625073e-09], [-2.5891976824268351e-10, 1.721993658776455e-09], [-2.0763979399490295e-09, 5.2863637911571004e-09], [-2.6129759944820806e-11, 1.0629439550768893e-09], [-8.5747793071253576e-10, 1.9811463580765576e-09], [-5.3020913680907207e-10, 4.9494706111374853e-09]]","[2, 4, 6, 5, 3, 2, 3, 3, 2, 2]"
"[[-6.6370611457613574e-10, 1.1935417099095957e-09], [-8.9927992234697514e-10, 4.3530730131635664e-09], [-3.2869869803923015e-11, 4.8242729810965557e-09], [-5.6078805242553373e-11, 2.5844184570189555e-09], [-2.3597358325235024e-09, 5.832387461879307e-09], [-3.1187003458959096e-10, 2.1994535082114908e-09], [-7.3913271270744294e-12, 2.5812281201353926e-09], [-1.3459919325751468e-09, 2.911918262071822e-09], [-1.9582037779773862e-11, 3.0202618184205221e-09], [-1.6706536479457513e-10, 3.1326128357989091e-09]]","[4, 6, 5, 2, 2, 2, 2, 4, 3, 2]"
"[[-1.5723249699702701e-09, 3.6531493385894009e-09], [-8.6914458684330904e-12, 9.4194310129580572e-09], [1.5511906081718013e-10, 9.423619662385363e-09], [-1.7435015292054848e-09, 4.8590256263025822e-09], [-7.7286830915259995e-10, 4.061917469044829e-09], [-2.699605549880595e-11, 4.7339487885267317e-09], [-4.9656588146012201e-09, 1.1473308081377809e-08], [-7.1257050788681466e-11, 3.1820452939257393e-09], [-2.3236062451276602e-10, 3.6742524578414759e-09], [-2.9972476639932046e-10, 3.6970395633773023e-09]]","[7, 4, 4, 3, 2, 3, 2, 3, 2, 2]"
"[[-1.7182932727505316e-09, 2.7161459748015204e-09], [-1.3721646407430856e-09, 2.8171531774034975e-09], [4.2245227537014856e-13, 3.9364569381916681e-09], [-1.4083194249403446e-11, 3.197989872916196e-09], [-7.5066591910561125e-11, 3.9721474998088979e-09], [-2.2036831545303315e-10, 3.2096498792100192e-09], [-8.3878394614832766e-11, 1.9642287796273195e-10], [-4.6520918731870935e-10, 4.1112220294792223e-09], [-3.0554820001419679e-13, 3.968228856621181e-09], [-2.0787718946473687e-12, 3.9683638597409754e-09]]","[6, 3, 4, 7, 2, 2, 2, 2, 2, 2]"
"[[-1.9683001855952977e-09, 1.0312434017833993e-08], [-5.6991385130742817e-15, 9.0188483348185855e-09], [-2.7898479431278927e-11, 3.9173362331723638e-09], [-2.9932889778451979e-13, 2.5406561299234909e-09], [-3.1677945510726058e-10, 4.2099910224635551e-09], [-4.25974334703527e-10, 1.5973786737788487e-09], [-1.5680001732949781e-09, 5.8119913326493133e-09], [-1.0091861536313873e-09, 2.3315078756525054e-09], [-9.989664357747033e-10, 2.3079143041115913e-09], [-6.7503422642127744e-10, 1.9832282482923347e-09]]","[3, 3, 8, 4, 3, 3, 2, 2, 2, 2]"
"[[-3.3580929151235385e-11, 2.8353288605842408e-09], [-1.1847182596037694e-09, 2.7406312774758135e-09], [-2.5875946152173539e-11, 5.9955351794371836e-09], [-6.9488899515020694e-12, 8.0750202080537292e-09], [-6.3996071007188922e-11, 2.7406312774758135e-09], [-3.5215983563477028e-10, 8.1914963701024135e-10], [-4.0372817915338516e-09, 7.222351161573215e-09], [-1.5447829987463799e-09, 3.09072989423953e-09], [-1.9084584028743295e-11, 9.3239980181181181e-09], [-1.2955336968383105e-12, 9.982919824125247e-09]]","[4, 2, 8, 3, 2, 2, 4, 3, 2, 2]"
"[[-1.2502312393622672e-10, 9.2699226073023056e-10], [-4.8842759526598063e-10, 1.8027397352682328e-09], [-4.0947709283926166e-10, 1.2046936781473505e-09], [-1.7752839378771934e-10, 4.1269712092173449e-09], [-1.216323575351214e-11, 4.4078700689453854e-09], [-9.4067078050640285e-10, 2.2109145625393012e-09], [-8.8619708738672031e-10, 1.8077845886921295e-09], [-2.5240806217586146e-09, 5.8435820626812074e-09], [-5.0970183385448535e-10, 1.2467791243864212e-09], [-3.1073113061845822e-12, 2.0668626810049773e-09]]","[3, 1, 4, 7, 6, 2, 3, 2, 2, 2]"
"[[-4.197358105341103e-11, 5.7778177797729313e-09], [-7.2958143027642912e-10, 6.9747128073061049e-09], [-1.879604874681195e-09, 3.607916188030913e-09], [-4.6211591332155857e-12, 4.6563077837902256e-09], [-1.5287741359350245e-09, 3.9131937690228824e-09], [-2.8937560007865834e-11, 3.6185068275074173e-09], [-7.4581356537808791e-10, 1.7264025764518465e-09], [-9.3829064645464493e-12, 2.8264008911094152e-09], [-1.2095438663254532e-09, 2.7950872727444676e-09], [-5.6006617257442803e-13, 1.1774448083201605e-10]]","[7, 4, 4, 2, 2, 4, 2, 3, 2, 2]"
"[[-3.721044246875546e-10, 8.5956530782027585e-10], [-4.4173648906442424e-10, 4.8368069549553638e-09], [-1.8805528284796024e-12, 6.3392886495705625e-09], [-3.495947559815815e-09, 5.9227791560090282e-09], [-9.1282052357795206e-11, 8.1404718521582708e-09], [8.3476945651519238e-12, 1.1580998382498819e-09], [-4.0451747837960696e-11, 1.0245959636279167e-09], [-3.0530898741401813e-11, 8.1380453487156501e-09], [-5.5362964109780291e-11, 1.0281380191656808e-09], [-4.875541901908381e-10, 8.2152671332380578e-09]]","[2, 8, 4, 5, 2, 3, 2, 2, 2, 2]"
"[[-4.7508899057738004e-10, 1.1761192020287581e-09], [-1.9083249989956828e-11, 1.6961654303315754e-09], [-3.9043834863864315e-10, 1.1332805804897816e-09], [-3.870250491694256e-10, 1.192912879588448e-09], [-2.305763116953763e-10, 1.861913734302334e-09], [-2.322229812269176e-10, 1.5180323664765183e-09], [-1.3629094211919436e-11, 1.4204926124250505e-09], [-2.4442284672105569e-10, 1.0647061010615744e-09], [-8.144702448961716e-10, 1.9553572094821448e-09], [1.1070039849957054e-12, 1.4201479991982069e-09]]","[4, 5, 7, 3, 3, 2, 2, 2, 2, 2]"
"[[-1.008384531827392e-09, 2.2167196966904612e-09], [-3.5527661901040028e-12, 3.9272451957117482e-10], [-4.9608632989200255e-11, 2.4277615473522474e-09], [-4.5733415333981864e-10, 2.778499652578148e-09], [-1.6261836524745218e-10, 1.7121171147493897e-09], [-1.0832112286887276e-09, 2.3627753087396286e-09], [-8.8992502094757074e-10, 2.0923640597914073e-09], [-2.0849404652905544e-12, 2.331586035353439e-09], [-3.0848197001006394e-10, 8.1344397884208774e-10], [-1.0352332096304707e-10, 2.725894621136149e-09]]","[3, 2, 8, 4, 4, 3, 2, 2, 2, 2]"
"[[-2.5251610476197219e-09, 4.4185068936997141e-09], [-1.4065696767186616e-09, 3.2368174807118066e-09], [-1.2241811986000243e-12, 4.8969224231143471e-09], [-3.7329957622567468e-11, 4.0907583986893314e-09], [-2.0005897491873539e-12, 5.8322489060458338e-09], [-7.9757119379787436e-10, 3.7342080538849132e-09], [-3.3734491641547195e-10, 5.8840510241964239e-09], [-7.2876801791329861e-12, 1.5667867003799074e-10], [-6.8475067809337275e-11, 3.2522220472230856e-09], [-9.1080596721998216e-10, 6.1999547718016856e-09]]","[5, 3, 5, 6, 2, 2, 2, 3, 2, 2]"
"[[6.1241360251941996e-13, 8.659345684947084e-09], [1.7849749417627645e-11, 6.8901653271780106e-09], [-2.4359757384177649e-09, 4.3579899688950263e-09], [-2.6605729095441995e-11, 5.6259783498546767e-09], [-3.9600327030164349e-12, 5.0590114319959412e-09], [-6.814702878967361e-10, 9.1018326209280076e-09], [-3.7009290877331407e-09, 8.690616670747886e-09], [-4.816142507283996e-10, 1.92714511015879e-09], [-3.5890566122093018e-09, 8.4366615915598686e-09], [-2.9948923096345759e-09, 7.0932029139214592e-09]]","[8, 1, 4, 2, 3, 6, 2, 2, 2, 2]"
"[[2.9480256280571262, 5.0599409422165849], [-7.3874719817840105e-10, 3.5739267766402567], [-1.9363179200263472, 5.2323945771128955], [1.974077489266719, 5.1463468859317025], [-0.98603900688579349, 4.5114848397675367], [-5.5691707323068035e-09, 3.2230410047424489], [1.940577519897283, 4.6122285105621863], [-1.3103552742118305e-08, 4.5086659077609248], [-2.6641486078105521e-09, 1.2435620977413464e-08], [-4.5328510894995224e-11, 1.4257708347287235e-08]]","[5, 3, 5, 3, 2, 4, 3, 2, 3, 2]"
"[[-1.5856143889456985e-09, 8.9544305303945748e-09], [5.652944199157815e-12, 7.599937124069811e-09], [-1.5740367139733187e-09, 4.9804644852713409e-09], [-1.2320578649534761e-12, 5.3349293871463033e-09], [3.6302571630703323e-10, 8.9046676698956162e-09], [-4.2196321498121342e-09, 9.1165266447035265e-09], [-1.9753812163617713e-09, 5.8331122154697823e-09], [-2.6087854552166735e-09, 7.0999424117701437e-09], [-4.2232149382915685e-10, 1.0455704302358981e-08], [-1.7699465571047492e-11, 8.393716832699738e-10]]","[6, 1, 5, 4, 5, 3, 2, 2, 2, 2]"
"[[-2.1505795140077417e-10, 8.1912121530081095e-10], [-2.2834296265513985e-09, 6.4676304312172306e-09], [-1.2136089522266651e-10, 3.7962597509988427e-09], [-1.3455809496864998e-11, 5.3636073360507908e-10], [-5.5142080620653506e-11, 5.1366244591122268e-10], [-3.2161431798223176e-10, 8.9741947206789519e-10], [-3.7952024281449587e-11, 8.9777829614945404e-10], [-1.6031272217025832e-10, 4.6538817244368147e-10], [-3.5280165878401577e-10, 1.0692819962798694e-09], [-1.0810201865627309e-10, 1.130406435123632e-09]]","[6, 1, 5, 4, 2, 5, 2, 2, 3, 2]"
"[[-2.7190352979544627e-10, 4.3548848971397547e-09], [-3.1478097646267072e-11, 7.4954802364857187e-09], [-2.6498652246434349e-09, 6.3729683752455912e-09], [9.8175462681476982e-14, 5.3155244650326949e-09], [-1.3905335928329507e-12, 6.1517337890393264e-09], [-9.7040947543336499e-11, 5.3492539286992269e-09], [-8.2137049446777887e-11, 6.5595928688821914e-10], [2.4262235588193457e-11, 6.1239586734984641e-09], [-1.0842188187439179e-09, 9.415160651116139e-09], [-3.7368418803263635e-09, 1.0871687994296053e-08]]","[5, 1, 8, 4, 2, 3, 2, 2, 3, 2]"
"[[-1.5347641667377211e-10, 3.0075502088777739e-09], [-4.2562434313282014e-10, 5.2966488972572279e-09], [-4.1093278270096341e-11, 2.1283921292081232e-09], [-1.2598311978281845e-09, 3.6808640579977236e-09], [-8.3261428359191241e-11, 5.8603935038092914e-09], [-2.0302539477058449e-11, 3.6990543961223921e-10], [-4.2541569307989286e-10, 1.3929803976964195e-09], [-2.8976328362794594e-09, 6.7663354919034191e-09], [-1.3322049496657478e-09, 3.6823419868881047e-09], [-6.6409985308346273e-11, 3.1007414413863899e-09]]","[5, 4, 6, 3, 3, 2, 2, 2, 3, 2]"
"[[0.72949016875157646, 23.80354009396471], [0.72949016875157646, 3.9672566823274518], [0.72949016875157646, 27.770796776292162], [0.72949016875157646, 15.869026729309807], [0.72949016875157646, 7.9345133646549035], [0.72949016875157646, 15.869026729309807], [0.72949016875157646, 7.9345133646549035], [0.72949016875157646, 7.9345133646549035], [0.72949016875157646, 7.9345133646549035], [0.72949016875157646, 7.9345133646549035]]","[6, 1, 7, 4, 2, 4, 2, 2, 2, 2]"
"[[0.72949016875157646, 19.836283411637258], [0.72949016875157646, 19.836283411637258], [0.72949016875157646, 19.836283411637258], [0.72949016875157646, 7.9345133646549035], [0.72949016875157646, 11.901770046982355], [0.72949016875157646, 7.9345133646549035], [0.72949016875157646, 11.901770046982355], [0.72949016875157646, 11.901770046982355], [0.72949016875157646, 7.9345133646549035], [0.72949016875157646, 7.9345133646549035]]","[5, 5, 5, 2, 3, 2, 3, 3, 2, 2]"
"[[0.72949016875157646, 7.9345133646549035], [0.72949016875157646, 31.738053458619614], [0.72949016875157646, 11.901770046982355], [0.72949016875157646, 23.80354009396471], [0.72949016875157646, 7.9345133646549035], [0.72949016875157646, 7.9345133646549035], [0.72949016875157646, 11.901770046982355], [0.72949016875157646, 7.9345133646549035], [0.72949016875157646, 7.9345133646549035], [0.72949016875157646, 7.9345133646549035]]","[2, 8, 3, 6, 2, 2, 3, 2, 2, 2]"
"[[0.72949016875157646, 19.836283411637258], [0.72949016875157646, 7.9345133646549035], [0.72949016875157646, 15.869026729309807], [0.72949016875157646, 19.836283411637258], [0.72949016875157646, 11.901770046982355], [0.72949016875157646, 19.836283411637258], [0.72949016875157646, 7.9345133646549035], [0.72949016875157646, 7.9345133646549035], [0.72949016875157646, 7.9345133646549035], [0.72949016875157646, 7.9345133646549035]]","[5, 2, 4, 5, 3, 5, 2, 2, 2, 2]"
"[[0.72949016875157646, 31.738053458619614], [0.72949016875157646, 7.9345133646549035], [0.72949016875157646, 19.836283411637258], [0.72949016875157646, 19.836283411637258], [0.72949016875157646, 7.9345133646549035], [0.72949016875157646, 7.9345133646549035], [0.72949016875157646, 7.9345133646549035], [0.72949016875157646, 7.9345133646549035], [0.72949016875157646, 7.9345133646549035], [0.72949016875157646, 7.9345133646549035]]","[8, 2, 5, 5, 2, 2, 2, 2, 2, 2]"
"[[0.72949016875157646, 7.9345133646549035], [0.72949016875157646, 19.836283411637258], [0.72949016875157646, 15.869026729309807], [0.72949016875157646, 23.80354009396471], [0.72949016875157646, 19.836283411637258], [0.72949016875157646, 7.9345133646549035], [0.72949016875157646, 7.9345133646549035], [0.72949016875157646, 7.9345133646549035], [0.72949016875157646, 7.9345133646549035], [0.72949016875157646, 7.9345133646549035]]","[2, 5, 4, 6, 5, 2, 2, 2, 2, 2]"
"[[0.72949016875157646, 15.869026729309807], [0.72949016875157646, 15.869026729309807], [0.72949016875157646, 15.869026729309807], [0.72949016875157646, 11.901770046982355], [0.72949016875157646, 15.869026729309807], [0.72949016875157646, 19.836283411637258], [0.72949016875157646, 7.9345133646549035], [0.72949016875157646, 7.9345133646549035], [0.72949016875157646, 7.9345133646549035], [0.72949016875157646, 7.9345133646549035]]","[4, 4, 4, 3, 4, 5, 2, 2, 2, 2]"
"[[0.72949016875157646, 15.869026729309807], [0.72949016875157646, 15.869026729309807], [0.72949016875157646, 27.770796776292162], [0.72949016875157646, 15.869026729309807], [0.72949016875157646, 7.9345133646549035], [0.72949016875157646, 7.9345133646549035], [0.72949016875157646, 11.901770046982355], [0.72949016875157646, 7.9345133646549035], [0.72949016875157646, 7.9345133646549035], [0.72949016875157646, 7.9345133646549035]]","[4, 4, 7, 4, 2, 2, 3, 2, 2, 2]"
"[[0.72949016875157646, 15.869026729309807], [0.72949016875157646, 11.901770046982355], [0.72949016875157646, 31.738053458619614], [0.72949016875157646, 7.9345133646549035], [0.72949016875157646, 15.869026729309807], [0.72949016875157646, 11.901770046982355], [0.72949016875157646, 7.9345133646549035], [0.72949016875157646, 7.9345133646549035], [0.72949016875157646, 7.9345133646549035], [0.72949016875157646, 7.9345133646549035]]","[4, 3, 8, 2, 4, 3, 2, 2, 2, 2]"
"[[0.72949016875157646, 23.80354009396471], [0.72949016875157646, 7.9345133646549035], [0.72949016875157646, 19.836283411637258], [0.72949016875157646, 19.836283411637258], [0.72949016875157646, 11.901770046982355], [0.72949016875157646, 7.9345133646549035], [0.72949016875157646, 7.9345133646549035], [0.72949016875157646, 11.901770046982355], [0.72949016875157646, 7.9345133646549035], [0.72949016875157646, 7.9345133646549035]]","[6, 2, 5, 5, 3, 2, 2, 3, 2, 2]"
"[[0.72949016875157646, 15.869026729309807], [0.72949016875157646, 11.901770046982355], [0.72949016875157646, 31.738053458619614], [0.72949016875157646, 7.9345133646549035], [0.72949016875157646, 11.901770046982355], [0.72949016875157646, 7.9345133646549035], [0.72949016875157646, 11.901770046982355], [0.72949016875157646, 11.901770046982355], [0.72949016875157646, 7.9345133646549035], [0.72949016875157646, 7.9345133646549035]]","[4, 3, 8, 2, 3, 2, 3, 3, 2, 2]"
"[[0.72949016875157646, 15.869026729309807], [0.72949016875157646, 19.836283411637258], [0.72949016875157646, 23.80354009396471], [0.72949016875157646, 15.869026729309807], [0.72949016875157646, 7.9345133646549035], [0.72949016875157646, 11.901770046982355], [0.72949016875157646, 7.9345133646549035], [0.72949016875157646, 7.9345133646549035], [0.72949016875157646, 7.9345133646549035], [0.72949016875157646, 7.9345133646549035]]","[4, 5, 6, 4, 2, 3, 2, 2, 2, 2]"
"[[0.72949016875157646, 11.901770046982355], [0.72949016875157646, 15.869026729309807], [0.72949016875157646, 27.770796776292162], [0.72949016875157646, 15.869026729309807], [0.72949016875157646, 11.901770046982355], [0.72949016875157646, 7.9345133646549035], [0.72949016875157646, 11.901770046982355], [0.72949016875157646, 7.9345133646549035], [0.72949016875157646, 7.9345133646549035], [0.72949016875157646, 7.9345133646549035]]","[3, 4, 7, 4, 3, 2, 3, 2, 2, 2]"
"[[0.72949016875157646, 23.80354009396471], [0.72949016875157646, 3.9672566823274518], [0.72949016875157646, 19.836283411637258], [0.72949016875157646, 15.869026729309807], [0.72949016875157646, 11.901770046982355], [0.72949016875157646, 15.869026729309807], [0.72949016875157646, 7.9345133646549035], [0.72949016875157646, 11.901770046982355], [0.72949016875157646, 7.9345133646549035], [0.72949016875157646, 7.9345133646549035]]","[6, 1, 5, 4, 3, 4, 2, 3, 2, 2]"
"[[0.72949016875157646, 15.869026729309807], [0.72949016875157646, 19.836283411637258], [0.72949016875157646, 27.770796776292162], [0.72949016875157646, 11.901770046982355], [0.72949016875157646, 7.9345133646549035], [0.72949016875157646, 7.9345133646549035], [0.72949016875157646, 7.9345133646549035], [0.72949016875157646, 7.9345133646549035], [0.72949016875157646, 11.901770046982355], [0.72949016875157646, 7.9345133646549035]]","[4, 5, 7, 3, 2, 2, 2, 2, 3, 2]"
"[[0.72949016875157646, 3.9672566823274518], [0.72949016875157646, 19.836283411637258], [0.72949016875157646, 23.80354009396471], [0.72949016875157646, 23.80354009396471], [0.72949016875157646, 7.9345133646549035], [0.72949016875157646, 15.869026729309807], [0.72949016875157646, 7.9345133646549035], [0.72949016875157646, 7.9345133646549035], [0.72949016875157646, 7.9345133646549035], [0.72949016875157646, 7.9345133646549035]]","[1, 5, 6, 6, 2, 4, 2, 2, 2, 2]"
"[[0.72949016875157646, 23.80354009396471], [0.72949016875157646, 7.9345133646549035], [0.72949016875157646, 31.738053458619614], [0.72949016875157646, 7.9345133646549035], [0.72949016875157646, 11.901770046982355], [0.72949016875157646, 7.9345133646549035], [0.72949016875157646, 7.9345133646549035], [0.72949016875157646, 7.9345133646549035], [0.72949016875157646, 11.901770046982355], [0.72949016875157646, 7.9345133646549035]]","[6, 2, 8, 2, 3, 2, 2, 2, 3, 2]"
"[[0.72949016875157646, 11.901770046982355], [0.72949016875157646, 11.901770046982355], [0.72949016875157646, 15.869026729309807], [0.72949016875157646, 11.901770046982355], [0.72949016875157646, 19.836283411637258], [0.72949016875157646, 11.901770046982355], [0.72949016875157646, 11.901770046982355], [0.72949016875157646, 15.869026729309807], [0.72949016875157646, 7.9345133646549035], [0.72949016875157646, 7.9345133646549035]]","[3, 3, 4, 3, 5, 3, 3, 4, 2, 2]"
"[[0.72949016875157646, 3.9672566823274518], [0.72949016875157646, 27.770796776292162], [0.72949016875157646, 23.80354009396471], [0.72949016875157646, 11.901770046982355], [0.72949016875157646, 11.901770046982355], [0.72949016875157646, 11.901770046982355], [0.72949016875157646, 11.901770046982355], [0.72949016875157646, 7.9345133646549035], [0.72949016875157646, 7.9345133646549035], [0.72949016875157646, 7.9345133646549035]]","[1, 7, 6, 3, 3, 3, 3, 2, 2, 2]"
"[[0.72949016875157646, 31.738053458619614], [0.72949016875157646, 3.9672566823274518], [0.72949016875157646, 15.869026729309807], [0.72949016875157646, 11.901770046982355], [0.72949016875157646, 15.869026729309807], [0.72949016875157646, 11.901770046982355], [0.72949016875157646, 7.9345133646549035], [0.72949016875157646, 11.901770046982355], [0.72949016875157646, 7.9345133646549035], [0.72949016875157646, 7.9345133646549035]]","[8, 1, 4, 3, 4, 3, 2, 3, 2, 2]"
"[[0.72949016875157646, 23.80354009396471], [0.72949016875157646, 7.9345133646549035], [0.72949016875157646, 27.770796776292162], [0.72949016875157646, 11.901770046982355], [0.72949016875157646, 7.9345133646549035], [0.72949016875157646, 15.869026729309807], [0.72949016875157646, 7.9345133646549035], [0.72949016875157646, 7.9345133646549035], [0.72949016875157646, 7.9345133646549035], [0.72949016875157646, 7.9345133646549035]]","[6, 2, 7, 3, 2, 4, 2, 2, 2, 2]"
"[[0.72949016875157646, 11.901770046982355], [0.72949016875157646, 19.836283411637258], [0.72949016875157646, 23.80354009396471], [0.72949016875157646, 15.869026729309807], [0.72949016875157646, 11.901770046982355], [0.72949016875157646, 7.9345133646549035], [0.72949016875157646, 11.901770046982355], [0.72949016875157646, 7.9345133646549035], [0.72949016875157646, 7.9345133646549035], [0.72949016875157646, 7.9345133646549035]]","[3, 5, 6, 4, 3, 2, 3, 2, 2, 2]"
"[[-2.9035351703369416, 1.4812557935783843e-06], [-2.9035351703373036, 1.185004606440998e-06], [-2.9035351703369416, 1.4812557935783843e-06], [-2.9035351703372716, 2.3700092128819961e-06], [-2.9035351703367405, 8.8875344772532117e-07], [-2.9035351703373036, 1.185004606440998e-06], [-2.9035351703369332, 1.185004606440998e-06], [-2.9035351703367405, 8.8875344772532117e-07], [-2.9035351703367405, 8.8875344772532117e-07], [-2.9035351703367405, 8.8875344772532117e-07]]","[4, 3, 4, 7, 2, 3, 3, 2, 2, 2]"
"[[-2.9035351703373036, 1.4812557651566749e-06], [-2.9035351703369416, 1.1850046348627075e-06], [-2.9035351703372716, 2.3700092128819961e-06], [-2.9035351703369332, 1.185004606440998e-06], [-2.9035351703373036, 1.4812557651566749e-06], [-2.9035351703369332, 1.185004606440998e-06], [-2.9035351703367405, 8.8875344772532117e-07], [-2.9035351703367405, 8.8875344772532117e-07], [-2.903535170336927, 8.887534761470306e-07], [-2.903535170336927, 8.887534761470306e-07]]","[4, 3, 7, 3, 4, 3, 2, 2, 2, 2]"
"[[-2.903535170336927, 8.887534761470306e-07], [-2.903535170336927, 8.887534761470306e-07], [-2.9035351703372716, 2.3700092128819961e-06], [-2.9035351703369416, 1.4812557935783843e-06], [-2.9035351703370971, 1.185004606440998e-06], [-2.9035351703373036, 1.7775068954506423e-06], [-2.903535170336927, 8.887534761470306e-07], [-2.903535170336927, 8.887534761470306e-07], [-2.9035351703369332, 1.185004606440998e-06], [-2.9035351703369039, 8.8875344772532117e-07]]","[2, 2, 7, 4, 3, 5, 2, 2, 3, 2]"
"[[-2.9035351703373036, 1.4812557651566749e-06], [-2.9035351703369416, 1.7775069238723518e-06], [-2.9035351703373036, 1.4812557651566749e-06], [-2.9035351703369332, 1.185004606440998e-06], [-2.9035351703369416, 1.4812557935783843e-06], [-2.9035351703373036, 1.4812557651566749e-06], [-2.9035351703367405, 8.8875344772532117e-07], [-2.903535170336927, 8.887534761470306e-07], [-2.903535170336927, 8.887534761470306e-07], [-2.9035351703367405, 8.8875344772532117e-07]]","[4, 5, 4, 3, 4, 4, 2, 2, 2, 2]"
"[[-2.9035351703367405, 8.8875344772532117e-07], [-2.9035351703373036, 1.4812557651566749e-06], [-2.9035351703372716, 2.3700092128819961e-06], [-2.9035351703367405, 8.8875344772532117e-07], [-2.9035351703369114, 1.7775068954506423e-06], [-2.9035351703372716, 1.4812557651566749e-06], [-2.9035351703367405, 8.8875344772532117e-07], [-2.9035351703369039, 8.8875344772532117e-07], [-2.9035351703367405, 8.8875344772532117e-07], [-2.9035351703367405, 8.8875344772532117e-07]]","[2, 4, 7, 2, 5, 4, 2, 2, 2, 2]"
"[[-2.9035351703367405, 5.9250230322049902e-07], [-2.9035351703373036, 1.4812557651566749e-06], [-2.9035351703372716, 2.3700092128819961e-06], [-2.9035351703373338, 2.0737580825880286e-06], [-2.9035351703369332, 1.185004606440998e-06], [-2.9035351703369332, 1.185004606440998e-06], [-2.9035351703367405, 8.8875344772532117e-07], [-2.9035351703367405, 8.8875344772532117e-07], [-2.903535170336927, 8.8875344772532117e-07], [-2.9035351703367405, 8.8875344772532117e-07]]","[1, 4, 7, 6, 3, 3, 2, 2, 2, 2]"
"[[-2.9035351703373129, 1.4812557651566749e-06], [-2.9035351703371024, 5.9250230322049902e-07], [-2.9035351703373036, 1.7775068954506423e-06], [-2.90353517033655, 2.0737581394314475e-06], [-2.9035351703369114, 8.8875344772532117e-07], [-2.9035351703369416, 1.4812557935783843e-06], [-2.9035351703373036, 1.185004606440998e-06], [-2.9035351703373036, 1.185004606440998e-06], [-2.903535170336927, 8.887534761470306e-07], [-2.9035351703371024, 8.8875344772532117e-07]]","[4, 1, 5, 6, 2, 4, 3, 3, 2, 2]"
"[[-2.9035351703373036, 1.4812557651566749e-06], [-2.9035351703373036, 1.7775068954506423e-06], [-2.9035351703372716, 1.7775068954506423e-06], [-2.9035351703373036, 1.4812557651566749e-06], [-2.903535170336927, 8.887534761470306e-07], [-2.9035351703373036, 1.185004606440998e-06], [-2.9035351703367405, 8.8875344772532117e-07], [-2.903535170336927, 8.887534761470306e-07], [-2.903535170336927, 1.185004606440998e-06], [-2.903535170336927, 8.887534761470306e-07]]","[4, 5, 5, 4, 2, 3, 2, 2, 3, 2]"
"[[-2.9035351703367405, 8.8875344772532117e-07], [-2.9035351703369416, 1.7775068954506423e-06], [-2.9035351703373329, 2.0737580825880286e-06], [-2.9035351703369114, 1.7775068954506423e-06], [-2.903535170336927, 1.4812557651566749e-06], [-2.9035351703367405, 8.8875344772532117e-07], [-2.9035351703367405, 8.8875344772532117e-07], [-2.903535170336927, 8.887534761470306e-07], [-2.903535170336927, 8.8875344772532117e-07], [-2.903535170336927, 8.887534761470306e-07]]","[2, 5, 6, 5, 4, 2, 2, 2, 2, 2]"
"[[-2.9035351703373036, 1.185004606440998e-06], [-2.9035351703369332, 1.185004606440998e-06], [-2.9035351703373329, 2.3700092128819961e-06], [-2.9035351703373036, 1.7775068954506423e-06], [-2.9035351703367405, 1.4812557651566749e-06], [-2.903535170336927, 8.8875344772532117e-07], [-2.9035351703367405, 8.8875344772532117e-07], [-2.9035351703367405, 8.8875344772532117e-07], [-2.903535170336927, 8.8875344772532117e-07], [-2.903535170336927, 8.8875344772532117e-07]]","[3, 3, 7, 5, 4, 2, 2, 2, 2, 2]"
"[[-2.9035351703367405, 8.8875344772532117e-07], [-2.9035351703373036, 1.4812557651566749e-06], [-2.9035351703369332, 1.185004606440998e-06], [-2.9035351703369416, 1.7775068954506423e-06], [-2.9035351703369114, 1.7775068954506423e-06], [-2.9035351703369416, 1.4812557651566749e-06], [-2.9035351703367405, 8.8875344772532117e-07], [-2.9035351703369332, 1.185004606440998e-06], [-2.903535170336927, 8.8875344772532117e-07], [-2.9035351703367405, 8.8875344772532117e-07]]","[2, 4, 3, 5, 5, 4, 2, 3, 2, 2]"
"[[-2.9035351703369416, 1.7775069238723518e-06], [-2.9035351703369416, 1.185004606440998e-06], [-2.90353517033655, 2.0737581394314475e-06], [-2.9035351703373036, 1.185004606440998e-06], [-2.9035351703373036, 1.185004606440998e-06], [-2.9035351703367405, 8.8875344772532117e-07], [-2.9035351703373036, 1.185004606440998e-06], [-2.9035351703371024, 8.8875344772532117e-07], [-2.9035351703369332, 1.185004606440998e-06], [-2.9035351703367405, 8.8875344772532117e-07]]","[5, 3, 6, 3, 3, 2, 3, 2, 3, 2]"
"[[-2.9035351703373036, 1.7775068954506423e-06], [-2.9035351703369332, 1.185004606440998e-06], [-2.9035351703373036, 1.7775068954506423e-06], [-2.9035351703372831, 1.7775068954506423e-06], [-2.9035351703371024, 1.185004606440998e-06], [-2.9035351703367405, 1.185004606440998e-06], [-2.903535170336927, 8.887534761470306e-07], [-2.9035351703367405, 8.8875344772532117e-07], [-2.9035351703371024, 8.8875344772532117e-07], [-2.9035351703367405, 8.8875344772532117e-07]]","[5, 3, 5, 5, 3, 3, 2, 2, 2, 2]"
"[[-2.9035351703369416, 1.4812557935783843e-06], [-2.9035351703373036, 1.7775068954506423e-06], [-2.9035351703372716, 2.3700092128819961e-06], [-2.9035351703371024, 1.185004606440998e-06], [-2.9035351703367405, 8.8875344772532117e-07], [-2.9035351703367405, 1.185004606440998e-06], [-2.903535170336927, 8.887534761470306e-07], [-2.9035351703367405, 8.8875344772532117e-07], [-2.9035351703372716, 8.8875344772532117e-07], [-2.9035351703367405, 8.8875344772532117e-07]]","[4, 5, 7, 3, 2, 3, 2, 2, 2, 2]"
"[[-2.903535170336927, 1.4812557651566749e-06], [-2.903535170336927, 1.4812557651566749e-06], [-2.90353517033655, 2.3700092128819961e-06], [-2.903535170336911, 1.185004606440998e-06], [-2.903535170336927, 1.185004606440998e-06], [-2.9035351703371024, 1.185004606440998e-06], [-2.903535170336927, 8.887534761470306e-07], [-2.9035351703367405, 8.8875344772532117e-07], [-2.903535170336927, 8.8875344772532117e-07], [-2.903535170336927, 8.887534761470306e-07]]","[4, 4, 7, 3, 3, 3, 2, 2, 2, 2]"
"[[-2.9035351703373036, 2.0737580825880286e-06], [-2.9035351703367405, 8.8875344772532117e-07], [-2.9035351703369114, 1.185004606440998e-06], [-2.903535170336927, 1.7775068954506423e-06], [-2.9035351703371024, 8.8875344772532117e-07], [-2.9035351703367405, 1.4812557651566749e-06], [-2.9035351703373036, 1.185004606440998e-06], [-2.9035351703367405, 8.8875344772532117e-07], [-2.9035351703369332, 1.185004606440998e-06], [-2.9035351703370971, 8.8875344772532117e-07]]","[6, 2, 3, 5, 2, 4, 3, 2, 3, 2]"
"[[-2.903535170336927, 8.887534761470306e-07], [-2.9035351703369332, 1.7775068954506423e-06], [-2.9035351703369114, 2.0737580825880286e-06], [-2.903535170336927, 1.4812557651566749e-06], [-2.9035351703371024, 1.185004606440998e-06], [-2.9035351703369332, 1.185004606440998e-06], [-2.9035351703365384, 1.185004606440998e-06], [-2.9035351703367405, 8.8875344772532117e-07], [-2.903535170336927, 8.887534761470306e-07], [-2.903535170336927, 8.8875344772532117e-07]]","[2, 5, 6, 4, 3, 3, 3, 2, 2, 2]"
"[[-2.9035351703371024, 1.4812557651566749e-06], [-2.9035351703365335, 2.0737580825880286e-06], [-2.9035351703369416, 1.7775069238723518e-06], [-2.9035351703373036, 1.185004606440998e-06], [-2.903535170336927, 8.8875344772532117e-07], [-2.9035351703367405, 8.8875344772532117e-07], [-2.9035351703373036, 1.4812557651566749e-06], [-2.9035351703371024, 8.8875344772532117e-07], [-2.9035351703371024, 8.8875344772532117e-07], [-2.9035351703371024, 8.8875344772532117e-07]]","[4, 6, 5, 3, 2, 2, 4, 2, 2, 2]"
"[[-2.9035351703369332, 1.185004606440998e-06], [-2.9035351703369332, 1.4812557651566749e-06], [-2.9035351703369416, 2.3700092128819961e-06], [-2.903535170336927, 8.8875344772532117e-07], [-2.9035351703371024, 1.185004606440998e-06], [-2.9035351703367405, 1.4812557651566749e-06], [-2.9035351703372716, 1.185004606440998e-06], [-2.903535170336927, 8.8875344772532117e-07], [-2.9035351703367405, 8.8875344772532117e-07], [-2.903535170336927, 8.8875344772532117e-07]]","[3, 4, 7, 2, 3, 4, 3, 2, 2, 2]"
"[[-2.9035351703373036, 1.4812557651566749e-06], [-2.9035351703373036, 2.0737580825880286e-06], [-2.9035351703365335, 2.0737580257446098e-06], [-2.9035351703370971, 8.8875344772532117e-07], [-2.903535170336927, 8.8875344772532117e-07], [-2.903535170336927, 8.8875344772532117e-07], [-2.9035351703369114, 1.4812557651566749e-06], [-2.9035351703367405, 8.887534761470306e-07], [-2.9035351703370971, 8.8875344772532117e-07], [-2.9035351703370971, 8.8875344772532117e-07]]","[4, 6, 6, 2, 2, 2, 4, 2, 2, 2]"
"[[-2.9035351703372831, 1.4812557651566749e-06], [-2.9035351703369416, 1.7775068954506423e-06], [-2.903535170336927, 1.7775068954506423e-06], [-2.9035351703370971, 1.4812557651566749e-06], [-2.9035351703369332, 1.185004606440998e-06], [-2.903535170336927, 8.8875344772532117e-07], [-2.903535170336927, 8.8875344772532117e-07], [-2.9035351703373036, 8.8875344772532117e-07], [-2.9035351703372716, 1.185004606440998e-06], [-2.9035351703372716, 8.8875344772532117e-07]]","[4, 5, 5, 4, 3, 2, 2, 2, 3, 2]"
"[[-2.9035351703372716, 2.6662602863325446e-06], [-2.903535170336911, 5.9250230322049902e-07], [-2.9035351703369332, 1.7775068954506423e-06], [-2.903535170336927, 1.4812557651566749e-06], [-2.9035351703369332, 1.185004606440998e-06], [-2.903535170336927, 8.8875344772532117e-07], [-2.903535170336927, 8.8875344772532117e-07], [-2.9035351703369332, 1.185004606440998e-06], [-2.9035351703367405, 8.8875344772532117e-07], [-2.903535170336927, 8.8875344772532117e-07]]","[8, 1, 5, 4, 3, 2, 2, 3, 2, 2]"
